district,date,epi_week,reporting_year,suspected_cases,rdt_confirmations
Chadiza,2021-01-01,1,2021,0,267
Chadiza,2022-01-01,1,2022,0,143
Chadiza,2023-01-01,1,2023,0,226
Chadiza,2024-01-01,1,2024,0,216
Chadiza,2025-01-01,1,2025,0,266
Chama,2021-01-01,1,2021,0,582
Chama,2022-01-01,1,2022,0,541
Chama,2023-01-01,1,2023,0,876
Chama,2024-01-01,1,2024,0,594
Chama,2025-01-01,1,2025,0,727
Chasefu,2021-01-01,1,2021,0,844
Chasefu,2022-01-01,1,2022,0,571
Chasefu,2023-01-01,1,2023,0,931
Chasefu,2024-01-01,1,2024,0,708
Chasefu,2025-01-01,1,2025,0,844
Chavuma,2021-01-01,1,2021,0,1134
Chavuma,2022-01-01,1,2022,0,1441
Chavuma,2023-01-01,1,2023,0,1767
Chavuma,2024-01-01,1,2024,0,1082
Chavuma,2025-01-01,1,2025,0,1181
Chembe,2021-01-01,1,2021,0,1115
Chembe,2022-01-01,1,2022,0,750
Chembe,2023-01-01,1,2023,0,992
Chembe,2024-01-01,1,2024,0,776
Chembe,2025-01-01,1,2025,0,720
Chibombo,2021-01-01,1,2021,0,155
Chibombo,2022-01-01,1,2022,0,86
Chibombo,2023-01-01,1,2023,0,34
Chibombo,2024-01-01,1,2024,0,20
Chibombo,2025-01-01,1,2025,0,24
Chienge,2021-01-01,1,2021,0,440
Chienge,2022-01-01,1,2022,0,322
Chienge,2023-01-01,1,2023,0,410
Chienge,2024-01-01,1,2024,0,245
Chienge,2025-01-01,1,2025,0,271
Chifunabuli,2021-01-01,1,2021,0,779
Chifunabuli,2022-01-01,1,2022,0,743
Chifunabuli,2023-01-01,1,2023,0,1016
Chifunabuli,2024-01-01,1,2024,0,656
Chifunabuli,2025-01-01,1,2025,0,678
Chikankata,2021-01-01,1,2021,0,53
Chikankata,2022-01-01,1,2022,0,25
Chikankata,2023-01-01,1,2023,0,38
Chikankata,2024-01-01,1,2024,0,17
Chikankata,2025-01-01,1,2025,0,33
Chilanga,2021-01-01,1,2021,0,22
Chilanga,2022-01-01,1,2022,0,11
Chilanga,2023-01-01,1,2023,0,13
Chilanga,2024-01-01,1,2024,0,11
Chilanga,2025-01-01,1,2025,0,14
Chililabombwe,2021-01-01,1,2021,0,420
Chililabombwe,2022-01-01,1,2022,0,433
Chililabombwe,2023-01-01,1,2023,0,586
Chililabombwe,2024-01-01,1,2024,0,378
Chililabombwe,2025-01-01,1,2025,0,366
Chilubi,2021-01-01,1,2021,0,462
Chilubi,2022-01-01,1,2022,0,428
Chilubi,2023-01-01,1,2023,0,632
Chilubi,2024-01-01,1,2024,0,551
Chilubi,2025-01-01,1,2025,0,480
Chingola,2021-01-01,1,2021,0,290
Chingola,2022-01-01,1,2022,0,258
Chingola,2023-01-01,1,2023,0,410
Chingola,2024-01-01,1,2024,0,286
Chingola,2025-01-01,1,2025,0,244
Chinsali,2021-01-01,1,2021,0,627
Chinsali,2022-01-01,1,2022,0,469
Chinsali,2023-01-01,1,2023,0,392
Chinsali,2024-01-01,1,2024,0,400
Chinsali,2025-01-01,1,2025,0,329
Chipangali,2021-01-01,1,2021,0,878
Chipangali,2022-01-01,1,2022,0,335
Chipangali,2023-01-01,1,2023,0,389
Chipangali,2024-01-01,1,2024,0,450
Chipangali,2025-01-01,1,2025,0,360
Chipata,2021-01-01,1,2021,0,332
Chipata,2022-01-01,1,2022,0,157
Chipata,2023-01-01,1,2023,0,256
Chipata,2024-01-01,1,2024,0,295
Chipata,2025-01-01,1,2025,0,312
Chipili,2021-01-01,1,2021,0,579
Chipili,2022-01-01,1,2022,0,706
Chipili,2023-01-01,1,2023,0,986
Chipili,2024-01-01,1,2024,0,777
Chipili,2025-01-01,1,2025,0,652
Chirundu,2021-01-01,1,2021,0,57
Chirundu,2022-01-01,1,2022,0,17
Chirundu,2023-01-01,1,2023,0,21
Chirundu,2024-01-01,1,2024,0,9
Chirundu,2025-01-01,1,2025,0,30
Chisamba,2021-01-01,1,2021,0,180
Chisamba,2022-01-01,1,2022,0,192
Chisamba,2023-01-01,1,2023,0,324
Chisamba,2024-01-01,1,2024,0,189
Chisamba,2025-01-01,1,2025,0,118
Chitambo,2021-01-01,1,2021,0,713
Chitambo,2022-01-01,1,2022,0,402
Chitambo,2023-01-01,1,2023,0,526
Chitambo,2024-01-01,1,2024,0,534
Chitambo,2025-01-01,1,2025,0,479
Choma,2021-01-01,1,2021,0,15
Choma,2022-01-01,1,2022,0,10
Choma,2023-01-01,1,2023,0,8
Choma,2024-01-01,1,2024,0,6
Choma,2025-01-01,1,2025,0,16
Chongwe,2021-01-01,1,2021,0,110
Chongwe,2022-01-01,1,2022,0,38
Chongwe,2023-01-01,1,2023,0,57
Chongwe,2024-01-01,1,2024,0,41
Chongwe,2025-01-01,1,2025,0,26
Gwembe,2021-01-01,1,2021,0,146
Gwembe,2022-01-01,1,2022,0,37
Gwembe,2023-01-01,1,2023,0,12
Gwembe,2024-01-01,1,2024,0,4
Gwembe,2025-01-01,1,2025,0,16
Ikelenge,2021-01-01,1,2021,0,540
Ikelenge,2022-01-01,1,2022,0,561
Ikelenge,2023-01-01,1,2023,0,823
Ikelenge,2024-01-01,1,2024,0,829
Ikelenge,2025-01-01,1,2025,0,836
Isoka,2021-01-01,1,2021,0,590
Isoka,2022-01-01,1,2022,0,531
Isoka,2023-01-01,1,2023,0,680
Isoka,2024-01-01,1,2024,0,516
Isoka,2025-01-01,1,2025,0,473
Itezhi-tezhi,2021-01-01,1,2021,0,36
Itezhi-tezhi,2022-01-01,1,2022,0,39
Itezhi-tezhi,2023-01-01,1,2023,0,108
Itezhi-tezhi,2024-01-01,1,2024,0,56
Itezhi-tezhi,2025-01-01,1,2025,0,20
Kabompo,2021-01-01,1,2021,0,1012
Kabompo,2022-01-01,1,2022,0,1326
Kabompo,2023-01-01,1,2023,0,1154
Kabompo,2024-01-01,1,2024,0,773
Kabompo,2025-01-01,1,2025,0,1025
Kabwe,2021-01-01,1,2021,0,143
Kabwe,2022-01-01,1,2022,0,78
Kabwe,2023-01-01,1,2023,0,92
Kabwe,2024-01-01,1,2024,0,59
Kabwe,2025-01-01,1,2025,0,97
Kafue,2021-01-01,1,2021,0,59
Kafue,2022-01-01,1,2022,0,27
Kafue,2023-01-01,1,2023,0,27
Kafue,2024-01-01,1,2024,0,20
Kafue,2025-01-01,1,2025,0,29
Kalabo,2021-01-01,1,2021,0,904
Kalabo,2022-01-01,1,2022,0,824
Kalabo,2023-01-01,1,2023,0,1057
Kalabo,2024-01-01,1,2024,0,617
Kalabo,2025-01-01,1,2025,0,744
Kalomo,2021-01-01,1,2021,0,10
Kalomo,2022-01-01,1,2022,0,4
Kalomo,2023-01-01,1,2023,0,8
Kalomo,2024-01-01,1,2024,0,5
Kalomo,2025-01-01,1,2025,0,10
Kalulushi,2021-01-01,1,2021,0,493
Kalulushi,2022-01-01,1,2022,0,367
Kalulushi,2023-01-01,1,2023,0,573
Kalulushi,2024-01-01,1,2024,0,469
Kalulushi,2025-01-01,1,2025,0,365
Kalumbila,2021-01-01,1,2021,0,1040
Kalumbila,2022-01-01,1,2022,0,1089
Kalumbila,2023-01-01,1,2023,0,1301
Kalumbila,2024-01-01,1,2024,0,864
Kalumbila,2025-01-01,1,2025,0,978
Kanchibiya,2021-01-01,1,2021,0,360
Kanchibiya,2022-01-01,1,2022,0,527
Kanchibiya,2023-01-01,1,2023,0,652
Kanchibiya,2024-01-01,1,2024,0,424
Kanchibiya,2025-01-01,1,2025,0,424
Kaoma,2021-01-01,1,2021,0,1083
Kaoma,2022-01-01,1,2022,0,1112
Kaoma,2023-01-01,1,2023,0,1115
Kaoma,2024-01-01,1,2024,0,665
Kaoma,2025-01-01,1,2025,0,1176
Kapiri Mposhi,2021-01-01,1,2021,0,383
Kapiri Mposhi,2022-01-01,1,2022,0,306
Kapiri Mposhi,2023-01-01,1,2023,0,382
Kapiri Mposhi,2024-01-01,1,2024,0,263
Kapiri Mposhi,2025-01-01,1,2025,0,336
Kaputa,2021-01-01,1,2021,0,502
Kaputa,2022-01-01,1,2022,0,456
Kaputa,2023-01-01,1,2023,0,438
Kaputa,2024-01-01,1,2024,0,220
Kaputa,2025-01-01,1,2025,0,299
Kasama,2021-01-01,1,2021,0,450
Kasama,2022-01-01,1,2022,0,439
Kasama,2023-01-01,1,2023,0,553
Kasama,2024-01-01,1,2024,0,478
Kasama,2025-01-01,1,2025,0,542
Kasempa,2021-01-01,1,2021,0,1057
Kasempa,2022-01-01,1,2022,0,1372
Kasempa,2023-01-01,1,2023,0,1804
Kasempa,2024-01-01,1,2024,0,1431
Kasempa,2025-01-01,1,2025,0,1577
Kasenengwa,2021-01-01,1,2021,0,268
Kasenengwa,2022-01-01,1,2022,0,53
Kasenengwa,2023-01-01,1,2023,0,104
Kasenengwa,2024-01-01,1,2024,0,120
Kasenengwa,2025-01-01,1,2025,0,225
Katete,2021-01-01,1,2021,0,81
Katete,2022-01-01,1,2022,0,44
Katete,2023-01-01,1,2023,0,79
Katete,2024-01-01,1,2024,0,63
Katete,2025-01-01,1,2025,0,97
Kawambwa,2021-01-01,1,2021,0,536
Kawambwa,2022-01-01,1,2022,0,550
Kawambwa,2023-01-01,1,2023,0,694
Kawambwa,2024-01-01,1,2024,0,510
Kawambwa,2025-01-01,1,2025,0,438
Kazungula,2021-01-01,1,2021,0,20
Kazungula,2022-01-01,1,2022,0,13
Kazungula,2023-01-01,1,2023,0,17
Kazungula,2024-01-01,1,2024,0,5
Kazungula,2025-01-01,1,2025,0,15
Kitwe,2021-01-01,1,2021,0,147
Kitwe,2022-01-01,1,2022,0,206
Kitwe,2023-01-01,1,2023,0,307
Kitwe,2024-01-01,1,2024,0,284
Kitwe,2025-01-01,1,2025,0,295
Lavushimanda,2021-01-01,1,2021,0,298
Lavushimanda,2022-01-01,1,2022,0,258
Lavushimanda,2023-01-01,1,2023,0,429
Lavushimanda,2024-01-01,1,2024,0,591
Lavushimanda,2025-01-01,1,2025,0,444
Limulunga,2021-01-01,1,2021,0,770
Limulunga,2022-01-01,1,2022,0,761
Limulunga,2023-01-01,1,2023,0,781
Limulunga,2024-01-01,1,2024,0,320
Limulunga,2025-01-01,1,2025,0,646
Livingstone,2021-01-01,1,2021,0,5
Livingstone,2022-01-01,1,2022,0,7
Livingstone,2023-01-01,1,2023,0,10
Livingstone,2024-01-01,1,2024,0,4
Livingstone,2025-01-01,1,2025,0,9
Luampa,2021-01-01,1,2021,0,1430
Luampa,2022-01-01,1,2022,0,1116
Luampa,2023-01-01,1,2023,0,1416
Luampa,2024-01-01,1,2024,0,802
Luampa,2025-01-01,1,2025,0,1642
Luangwa,2021-01-01,1,2021,0,235
Luangwa,2022-01-01,1,2022,0,157
Luangwa,2023-01-01,1,2023,0,267
Luangwa,2024-01-01,1,2024,0,93
Luangwa,2025-01-01,1,2025,0,295
Luano,2021-01-01,1,2021,0,581
Luano,2022-01-01,1,2022,0,428
Luano,2023-01-01,1,2023,0,830
Luano,2024-01-01,1,2024,0,523
Luano,2025-01-01,1,2025,0,609
Luanshya,2021-01-01,1,2021,0,561
Luanshya,2022-01-01,1,2022,0,511
Luanshya,2023-01-01,1,2023,0,737
Luanshya,2024-01-01,1,2024,0,607
Luanshya,2025-01-01,1,2025,0,640
Lufwanyama,2021-01-01,1,2021,0,934
Lufwanyama,2022-01-01,1,2022,0,721
Lufwanyama,2023-01-01,1,2023,0,1381
Lufwanyama,2024-01-01,1,2024,0,1067
Lufwanyama,2025-01-01,1,2025,0,740
Lukulu,2021-01-01,1,2021,0,1043
Lukulu,2022-01-01,1,2022,0,1004
Lukulu,2023-01-01,1,2023,0,918
Lukulu,2024-01-01,1,2024,0,605
Lukulu,2025-01-01,1,2025,0,835
Lumezi,2021-01-01,1,2021,0,711
Lumezi,2022-01-01,1,2022,0,252
Lumezi,2023-01-01,1,2023,0,431
Lumezi,2024-01-01,1,2024,0,625
Lumezi,2025-01-01,1,2025,0,593
Lundazi,2021-01-01,1,2021,0,290
Lundazi,2022-01-01,1,2022,0,160
Lundazi,2023-01-01,1,2023,0,248
Lundazi,2024-01-01,1,2024,0,429
Lundazi,2025-01-01,1,2025,0,458
Lunga,2021-01-01,1,2021,0,330
Lunga,2022-01-01,1,2022,0,265
Lunga,2023-01-01,1,2023,0,418
Lunga,2024-01-01,1,2024,0,369
Lunga,2025-01-01,1,2025,0,332
Lunte,2021-01-01,1,2021,0,462
Lunte,2022-01-01,1,2022,0,613
Lunte,2023-01-01,1,2023,0,677
Lunte,2024-01-01,1,2024,0,434
Lunte,2025-01-01,1,2025,0,318
Lupososhi,2021-01-01,1,2021,0,440
Lupososhi,2022-01-01,1,2022,0,403
Lupososhi,2023-01-01,1,2023,0,570
Lupososhi,2024-01-01,1,2024,0,538
Lupososhi,2025-01-01,1,2025,0,397
Lusaka,2021-01-01,1,2021,0,10
Lusaka,2022-01-01,1,2022,0,7
Lusaka,2023-01-01,1,2023,0,10
Lusaka,2024-01-01,1,2024,0,9
Lusaka,2025-01-01,1,2025,0,10
Lusangazi,2021-01-01,1,2021,0,293
Lusangazi,2022-01-01,1,2022,0,110
Lusangazi,2023-01-01,1,2023,0,182
Lusangazi,2024-01-01,1,2024,0,180
Lusangazi,2025-01-01,1,2025,0,279
Luwingu,2021-01-01,1,2021,0,535
Luwingu,2022-01-01,1,2022,0,618
Luwingu,2023-01-01,1,2023,0,798
Luwingu,2024-01-01,1,2024,0,733
Luwingu,2025-01-01,1,2025,0,650
Mafinga,2021-01-01,1,2021,0,544
Mafinga,2022-01-01,1,2022,0,558
Mafinga,2023-01-01,1,2023,0,887
Mafinga,2024-01-01,1,2024,0,876
Mafinga,2025-01-01,1,2025,0,745
Mambwe,2021-01-01,1,2021,0,332
Mambwe,2022-01-01,1,2022,0,141
Mambwe,2023-01-01,1,2023,0,329
Mambwe,2024-01-01,1,2024,0,402
Mambwe,2025-01-01,1,2025,0,544
Mansa,2021-01-01,1,2021,0,708
Mansa,2022-01-01,1,2022,0,738
Mansa,2023-01-01,1,2023,0,993
Mansa,2024-01-01,1,2024,0,765
Mansa,2025-01-01,1,2025,0,740
Manyinga,2021-01-01,1,2021,0,1018
Manyinga,2022-01-01,1,2022,0,1218
Manyinga,2023-01-01,1,2023,0,1307
Manyinga,2024-01-01,1,2024,0,1051
Manyinga,2025-01-01,1,2025,0,1235
Masaiti,2021-01-01,1,2021,0,766
Masaiti,2022-01-01,1,2022,0,717
Masaiti,2023-01-01,1,2023,0,1006
Masaiti,2024-01-01,1,2024,0,754
Masaiti,2025-01-01,1,2025,0,690
Mazabuka,2021-01-01,1,2021,0,6
Mazabuka,2022-01-01,1,2022,0,4
Mazabuka,2023-01-01,1,2023,0,6
Mazabuka,2024-01-01,1,2024,0,4
Mazabuka,2025-01-01,1,2025,0,6
Mbala,2021-01-01,1,2021,0,256
Mbala,2022-01-01,1,2022,0,344
Mbala,2023-01-01,1,2023,0,380
Mbala,2024-01-01,1,2024,0,352
Mbala,2025-01-01,1,2025,0,290
Milenge,2021-01-01,1,2021,0,741
Milenge,2022-01-01,1,2022,0,999
Milenge,2023-01-01,1,2023,0,1248
Milenge,2024-01-01,1,2024,0,980
Milenge,2025-01-01,1,2025,0,833
Mitete,2021-01-01,1,2021,0,634
Mitete,2022-01-01,1,2022,0,799
Mitete,2023-01-01,1,2023,0,961
Mitete,2024-01-01,1,2024,0,594
Mitete,2025-01-01,1,2025,0,742
Mkushi,2021-01-01,1,2021,0,480
Mkushi,2022-01-01,1,2022,0,379
Mkushi,2023-01-01,1,2023,0,508
Mkushi,2024-01-01,1,2024,0,334
Mkushi,2025-01-01,1,2025,0,344
Mongu,2021-01-01,1,2021,0,439
Mongu,2022-01-01,1,2022,0,360
Mongu,2023-01-01,1,2023,0,454
Mongu,2024-01-01,1,2024,0,252
Mongu,2025-01-01,1,2025,0,475
Monze,2021-01-01,1,2021,0,5
Monze,2022-01-01,1,2022,0,4
Monze,2023-01-01,1,2023,0,5
Monze,2024-01-01,1,2024,0,4
Monze,2025-01-01,1,2025,0,6
Mpika,2021-01-01,1,2021,0,495
Mpika,2022-01-01,1,2022,0,346
Mpika,2023-01-01,1,2023,0,501
Mpika,2024-01-01,1,2024,0,402
Mpika,2025-01-01,1,2025,0,356
Mpongwe,2021-01-01,1,2021,0,872
Mpongwe,2022-01-01,1,2022,0,730
Mpongwe,2023-01-01,1,2023,0,1052
Mpongwe,2024-01-01,1,2024,0,791
Mpongwe,2025-01-01,1,2025,0,962
Mporokoso,2021-01-01,1,2021,0,452
Mporokoso,2022-01-01,1,2022,0,429
Mporokoso,2023-01-01,1,2023,0,330
Mporokoso,2024-01-01,1,2024,0,174
Mporokoso,2025-01-01,1,2025,0,131
Mpulungu,2021-01-01,1,2021,0,490
Mpulungu,2022-01-01,1,2022,0,394
Mpulungu,2023-01-01,1,2023,0,468
Mpulungu,2024-01-01,1,2024,0,410
Mpulungu,2025-01-01,1,2025,0,369
Mufulira,2021-01-01,1,2021,0,358
Mufulira,2022-01-01,1,2022,0,341
Mufulira,2023-01-01,1,2023,0,599
Mufulira,2024-01-01,1,2024,0,538
Mufulira,2025-01-01,1,2025,0,538
Mufumbwe,2021-01-01,1,2021,0,1096
Mufumbwe,2022-01-01,1,2022,0,1176
Mufumbwe,2023-01-01,1,2023,0,1382
Mufumbwe,2024-01-01,1,2024,0,1025
Mufumbwe,2025-01-01,1,2025,0,1333
Mulobezi,2021-01-01,1,2021,0,1052
Mulobezi,2022-01-01,1,2022,0,802
Mulobezi,2023-01-01,1,2023,0,1023
Mulobezi,2024-01-01,1,2024,0,533
Mulobezi,2025-01-01,1,2025,0,1065
Mumbwa,2021-01-01,1,2021,0,101
Mumbwa,2022-01-01,1,2022,0,61
Mumbwa,2023-01-01,1,2023,0,90
Mumbwa,2024-01-01,1,2024,0,51
Mumbwa,2025-01-01,1,2025,0,38
Mungwi,2021-01-01,1,2021,0,510
Mungwi,2022-01-01,1,2022,0,587
Mungwi,2023-01-01,1,2023,0,754
Mungwi,2024-01-01,1,2024,0,592
Mungwi,2025-01-01,1,2025,0,600
Mushindano,2021-01-01,1,2021,0,404
Mushindano,2022-01-01,1,2022,0,837
Mushindano,2023-01-01,1,2023,0,1260
Mushindano,2024-01-01,1,2024,0,974
Mushindano,2025-01-01,1,2025,0,1044
Mwandi,2021-01-01,1,2021,0,322
Mwandi,2022-01-01,1,2022,0,206
Mwandi,2023-01-01,1,2023,0,244
Mwandi,2024-01-01,1,2024,0,44
Mwandi,2025-01-01,1,2025,0,168
Mwansabombwe,2021-01-01,1,2021,0,875
Mwansabombwe,2022-01-01,1,2022,0,968
Mwansabombwe,2023-01-01,1,2023,0,1009
Mwansabombwe,2024-01-01,1,2024,0,584
Mwansabombwe,2025-01-01,1,2025,0,533
Mwense,2021-01-01,1,2021,0,789
Mwense,2022-01-01,1,2022,0,860
Mwense,2023-01-01,1,2023,0,964
Mwense,2024-01-01,1,2024,0,690
Mwense,2025-01-01,1,2025,0,644
Mwinilunga,2021-01-01,1,2021,0,461
Mwinilunga,2022-01-01,1,2022,0,730
Mwinilunga,2023-01-01,1,2023,0,795
Mwinilunga,2024-01-01,1,2024,0,620
Mwinilunga,2025-01-01,1,2025,0,675
Nakonde,2021-01-01,1,2021,0,299
Nakonde,2022-01-01,1,2022,0,251
Nakonde,2023-01-01,1,2023,0,241
Nakonde,2024-01-01,1,2024,0,192
Nakonde,2025-01-01,1,2025,0,202
Nalolo,2021-01-01,1,2021,0,508
Nalolo,2022-01-01,1,2022,0,680
Nalolo,2023-01-01,1,2023,0,514
Nalolo,2024-01-01,1,2024,0,243
Nalolo,2025-01-01,1,2025,0,446
Namwala,2021-01-01,1,2021,0,7
Namwala,2022-01-01,1,2022,0,4
Namwala,2023-01-01,1,2023,0,12
Namwala,2024-01-01,1,2024,0,5
Namwala,2025-01-01,1,2025,0,5
Nchelenge,2021-01-01,1,2021,0,570
Nchelenge,2022-01-01,1,2022,0,472
Nchelenge,2023-01-01,1,2023,0,505
Nchelenge,2024-01-01,1,2024,0,475
Nchelenge,2025-01-01,1,2025,0,521
Ndola,2021-01-01,1,2021,0,191
Ndola,2022-01-01,1,2022,0,183
Ndola,2023-01-01,1,2023,0,281
Ndola,2024-01-01,1,2024,0,244
Ndola,2025-01-01,1,2025,0,286
Ngabwe,2021-01-01,1,2021,0,709
Ngabwe,2022-01-01,1,2022,0,415
Ngabwe,2023-01-01,1,2023,0,425
Ngabwe,2024-01-01,1,2024,0,285
Ngabwe,2025-01-01,1,2025,0,512
Nkeyema,2021-01-01,1,2021,0,1023
Nkeyema,2022-01-01,1,2022,0,394
Nkeyema,2023-01-01,1,2023,0,487
Nkeyema,2024-01-01,1,2024,0,268
Nkeyema,2025-01-01,1,2025,0,549
Nsama,2021-01-01,1,2021,0,545
Nsama,2022-01-01,1,2022,0,380
Nsama,2023-01-01,1,2023,0,475
Nsama,2024-01-01,1,2024,0,258
Nsama,2025-01-01,1,2025,0,200
Nyimba,2021-01-01,1,2021,0,511
Nyimba,2022-01-01,1,2022,0,292
Nyimba,2023-01-01,1,2023,0,571
Nyimba,2024-01-01,1,2024,0,212
Nyimba,2025-01-01,1,2025,0,431
Pemba,2021-01-01,1,2021,0,35
Pemba,2022-01-01,1,2022,0,48
Pemba,2023-01-01,1,2023,0,65
Pemba,2024-01-01,1,2024,0,40
Pemba,2025-01-01,1,2025,0,66
Petauke,2021-01-01,1,2021,0,84
Petauke,2022-01-01,1,2022,0,45
Petauke,2023-01-01,1,2023,0,86
Petauke,2024-01-01,1,2024,0,88
Petauke,2025-01-01,1,2025,0,112
Rufunsa,2021-01-01,1,2021,0,603
Rufunsa,2022-01-01,1,2022,0,295
Rufunsa,2023-01-01,1,2023,0,379
Rufunsa,2024-01-01,1,2024,0,210
Rufunsa,2025-01-01,1,2025,0,310
Samfya,2021-01-01,1,2021,0,663
Samfya,2022-01-01,1,2022,0,644
Samfya,2023-01-01,1,2023,0,911
Samfya,2024-01-01,1,2024,0,774
Samfya,2025-01-01,1,2025,0,722
Senanga,2021-01-01,1,2021,0,818
Senanga,2022-01-01,1,2022,0,595
Senanga,2023-01-01,1,2023,0,648
Senanga,2024-01-01,1,2024,0,301
Senanga,2025-01-01,1,2025,0,600
Senga Hill,2021-01-01,1,2021,0,241
Senga Hill,2022-01-01,1,2022,0,316
Senga Hill,2023-01-01,1,2023,0,379
Senga Hill,2024-01-01,1,2024,0,199
Senga Hill,2025-01-01,1,2025,0,180
Serenje,2021-01-01,1,2021,0,500
Serenje,2022-01-01,1,2022,0,395
Serenje,2023-01-01,1,2023,0,527
Serenje,2024-01-01,1,2024,0,518
Serenje,2025-01-01,1,2025,0,741
Sesheke,2021-01-01,1,2021,0,764
Sesheke,2022-01-01,1,2022,0,531
Sesheke,2023-01-01,1,2023,0,433
Sesheke,2024-01-01,1,2024,0,165
Sesheke,2025-01-01,1,2025,0,358
Shangombo,2021-01-01,1,2021,0,437
Shangombo,2022-01-01,1,2022,0,365
Shangombo,2023-01-01,1,2023,0,328
Shangombo,2024-01-01,1,2024,0,199
Shangombo,2025-01-01,1,2025,0,554
Shibuyunji,2021-01-01,1,2021,0,22
Shibuyunji,2022-01-01,1,2022,0,8
Shibuyunji,2023-01-01,1,2023,0,10
Shibuyunji,2024-01-01,1,2024,0,7
Shibuyunji,2025-01-01,1,2025,0,11
Shiwang'andu,2021-01-01,1,2021,0,344
Shiwang'andu,2022-01-01,1,2022,0,555
Shiwang'andu,2023-01-01,1,2023,0,603
Shiwang'andu,2024-01-01,1,2024,0,542
Shiwang'andu,2025-01-01,1,2025,0,533
Siavonga,2021-01-01,1,2021,0,66
Siavonga,2022-01-01,1,2022,0,15
Siavonga,2023-01-01,1,2023,0,17
Siavonga,2024-01-01,1,2024,0,8
Siavonga,2025-01-01,1,2025,0,28
Sikongo,2021-01-01,1,2021,0,513
Sikongo,2022-01-01,1,2022,0,659
Sikongo,2023-01-01,1,2023,0,845
Sikongo,2024-01-01,1,2024,0,574
Sikongo,2025-01-01,1,2025,0,725
Sinazongwe,2021-01-01,1,2021,0,108
Sinazongwe,2022-01-01,1,2022,0,34
Sinazongwe,2023-01-01,1,2023,0,10
Sinazongwe,2024-01-01,1,2024,0,8
Sinazongwe,2025-01-01,1,2025,0,45
Sinda,2021-01-01,1,2021,0,34
Sinda,2022-01-01,1,2022,0,23
Sinda,2023-01-01,1,2023,0,38
Sinda,2024-01-01,1,2024,0,27
Sinda,2025-01-01,1,2025,0,49
Sioma,2021-01-01,1,2021,0,931
Sioma,2022-01-01,1,2022,0,529
Sioma,2023-01-01,1,2023,0,673
Sioma,2024-01-01,1,2024,0,335
Sioma,2025-01-01,1,2025,0,457
Solwezi,2021-01-01,1,2021,0,874
Solwezi,2022-01-01,1,2022,0,539
Solwezi,2023-01-01,1,2023,0,558
Solwezi,2024-01-01,1,2024,0,323
Solwezi,2025-01-01,1,2025,0,397
Vubwi,2021-01-01,1,2021,0,727
Vubwi,2022-01-01,1,2022,0,477
Vubwi,2023-01-01,1,2023,0,414
Vubwi,2024-01-01,1,2024,0,271
Vubwi,2025-01-01,1,2025,0,338
Zambezi,2021-01-01,1,2021,0,712
Zambezi,2022-01-01,1,2022,0,1070
Zambezi,2023-01-01,1,2023,0,1320
Zambezi,2024-01-01,1,2024,0,864
Zambezi,2025-01-01,1,2025,0,861
Zimba,2021-01-01,1,2021,0,7
Zimba,2022-01-01,1,2022,0,2
Zimba,2023-01-01,1,2023,0,3
Zimba,2024-01-01,1,2024,0,2
Zimba,2025-01-01,1,2025,0,5
